{
  "breweries": [
    {
      "id": "b8ee46a3-6924-49e4-bcd2-7ac64daae96c",
      "name": "3 Brewers of St Albans",
      "location": "Hatfield",
      "county": "Hertfordshire"
    },
    {
      "id": "f47ac10b-58cc-4372-a567-0e02b2c3d479",
      "name": "40FT",
      "location": "Hackney",
      "county": "Greater London"
    }
  ],
  "beers": [
    {
      "id": "550e8400-e29b-41d4-a716-446655440000",
      "name": "Blonde",
      "brewery_id": "b8ee46a3-6924-49e4-bcd2-7ac64daae96c",
      "style_id": "9fd8a0a3-6e1a-4cc5-91b0-e92bb5cfcda7",
      "abv": "4.2%",
      "tasting_notes": "A light golden-coloured ale. Hoppy aroma and a refreshing smack of fruity citrus.",
      "dietary": {
        "vegan": null,
        "vegetarian": null,
        "contains": ["Barley", "Wheat"]
      },
      "unfined": null
    },
    {
      "id": "d44e1c58-3655-441c-bd30-97ad4425c511",
      "name": "Classic English Ale",
      "brewery_id": "b8ee46a3-6924-49e4-bcd2-7ac64daae96c",
      "style_id": "e87cc2bc-df45-49db-9f1e-40c10ae02121",
      "abv": "4.0%",
      "tasting_notes": "Deep amber in colour with a light hoppy aroma and rich, rounded malty taste.",
      "dietary": {
        "vegan": null,
        "vegetarian": null,
        "contains": ["Barley", "Wheat"]
      },
      "unfined": null
    }
  ],
  "styles": [
    {
      "id": "4b2c3aa2-81cf-4539-8e9d-14c675f9c3a2",
      "name": "Mild",
      "description": "Light drinking beers with low hop character, including dark, pale, and Scottish milds.",
      "subtypes": [
        {
          "id": "e11d9b59-5af3-40b4-b9a8-d4b25f9b6239",
          "name": "Dark Mild",
          "description": "Sweet with light bitterness, featuring malt and roasted notes like chocolate, coffee, and liquorice."
        },
        {
          "id": "a7b5d8e9-4130-4e8d-a6ea-1734bf3eb2e5",
          "name": "Pale Mild",
          "description": "Lightly hopped with a light fruit character, malty sweetness, and notes of toffee or butterscotch."
        },
        {
          "id": "77cf62d4-b5a3-4c2f-b0b9-d79ef9313d42",
          "name": "Scottish Light (60 Shillings)",
          "description": "Dominated by malt, with toffee or butterscotch, and lightly hopped."
        }
      ]
    }
  ]
}
